Zeit (ms),Druck (hPa),Höhe (m),Temperatur (C),GX,GY,GZ
6313,1012.69,4.66,25.82,1.44,0.34,8.34
6372,1012.89,3.00,25.82,0.09,0.88,8.16
6429,1012.89,3.00,25.82,1.06,0.03,8.19
6488,1012.89,3.00,25.82,1.63,0.34,8.09
6545,1012.93,2.66,25.84,0.97,0.44,8.50
6602,1012.93,2.66,25.84,1.28,-0.19,7.78
6661,1012.73,4.33,25.84,1.12,-0.06,11.06
6718,1012.76,4.08,25.85,0.88,0.06,8.75
6776,1012.96,2.41,25.85,0.75,1.47,8.25
6834,1012.76,4.08,25.85,0.56,0.53,8.13
6892,1013.00,2.08,25.87,0.56,0.37,8.28
6949,1012.80,3.75,25.87,1.00,0.00,8.06
7010,1012.80,3.75,25.87,0.88,-0.28,8.38
7068,1012.80,3.75,25.87,1.12,-0.44,8.00
7126,1012.83,3.50,25.89,1.12,0.34,8.03
7184,1012.83,3.50,25.89,0.41,0.06,8.41
7241,1012.87,3.16,25.90,1.31,0.66,3.13
7300,1012.67,4.83,25.90,1.12,-1.16,7.69
7357,1012.67,4.83,25.90,1.63,-1.41,8.78
7415,1012.87,3.16,25.90,0.78,-1.50,7.94
7473,1012.67,4.83,25.90,2.13,-0.66,7.97
7531,1012.71,4.49,25.92,0.78,-1.19,7.69
7588,1012.90,2.92,25.92,2.88,-1.50,8.47
7647,1012.71,4.49,25.92,1.19,-1.03,7.09
7707,1012.74,4.25,25.93,1.97,-2.06,7.63
7766,1012.74,4.25,25.93,1.88,-1.59,8.16
7823,1012.74,4.25,25.93,2.22,-1.84,8.31
7881,1012.78,3.91,25.95,1.78,-1.06,8.16
7939,1012.78,3.91,25.95,2.28,-1.78,7.91
7997,1012.81,3.66,25.97,2.00,-1.47,7.88
8054,1012.61,5.33,25.97,2.09,-1.47,7.97
8113,1012.81,3.66,25.97,1.94,-1.16,7.97
8170,1013.04,1.75,25.98,1.94,-0.97,7.66
8228,1012.85,3.33,25.98,1.88,-1.28,7.75
8286,1012.88,3.08,26.00,1.94,-1.12,7.91
8344,1012.88,3.08,26.00,1.78,-0.91,7.91
8401,1012.92,2.75,26.01,1.47,-0.84,7.88
8462,1012.92,2.75,26.01,1.88,-1.12,7.75
8520,1012.92,2.75,26.01,1.69,-0.84,7.59
8578,1012.75,4.16,26.03,1.91,-0.47,7.94
8636,1012.99,2.17,26.05,1.63,-0.66,7.66
8693,1012.79,3.83,26.05,1.97,-0.12,8.03
8752,1012.79,3.83,26.05,1.97,-0.47,7.94
8809,1012.82,3.58,26.06,1.97,-0.28,7.69
8867,1012.82,3.58,26.06,2.16,-1.16,7.34
8925,1012.82,3.58,26.06,2.47,-0.66,7.94
8983,1012.86,3.25,26.08,1.69,-1.00,7.59
9040,1012.86,3.25,26.08,1.72,-0.56,7.81
9099,1012.89,3.00,26.09,1.22,-0.75,7.16
9159,1012.89,3.00,26.09,1.97,-0.31,7.69
9217,1012.73,4.33,26.11,1.47,-0.59,7.53
9275,1012.93,2.66,26.11,2.03,-0.03,7.97
9332,1012.93,2.66,26.11,2.09,-0.09,8.09
9391,1012.96,2.41,26.13,2.06,0.00,8.31
9448,1012.73,4.33,26.11,1.84,-0.37,7.81
9506,1012.80,3.75,26.14,1.59,0.00,8.00
9564,1013.00,2.08,26.14,3.09,0.09,8.66
9622,1013.00,2.08,26.14,1.50,0.00,7.69
9679,1012.84,3.41,26.16,3.09,1.16,8.56
9738,1012.84,3.41,26.16,2.13,0.19,8.03
9795,1012.84,3.41,26.16,2.56,0.28,8.09
9852,1013.07,1.50,26.17,3.06,0.41,8.50
9914,1013.07,1.50,26.17,2.25,0.00,7.84
9971,1013.07,1.50,26.17,2.41,0.28,7.69
10030,1012.91,2.83,26.19,2.63,-0.12,8.06
10087,1013.10,1.25,26.19,3.41,0.00,8.06
10145,1012.91,2.83,26.19,2.94,-0.16,8.06
10203,1012.94,2.58,26.21,2.53,0.31,7.78
10261,1013.14,0.92,26.21,2.97,0.37,8.31
10318,1012.94,2.58,26.21,2.47,0.50,8.19
10377,1013.14,0.92,26.21,2.78,0.19,8.25
10434,1012.98,2.25,26.22,2.78,0.06,8.34
10492,1012.98,2.25,26.22,2.50,0.31,8.38
10550,1012.98,2.25,26.22,2.06,0.19,8.38
10608,1013.01,2.00,26.24,2.00,0.22,8.22
10669,1012.98,2.25,26.22,2.16,0.34,8.19
10726,1012.98,2.25,26.22,1.59,0.44,8.31
10784,1013.01,2.00,26.24,2.38,0.59,8.41
10842,1013.05,1.67,26.25,2.13,-0.25,8.50
10900,1013.01,2.00,26.24,1.28,1.06,7.78
10957,1013.01,2.00,26.24,1.56,0.56,8.34
11016,1013.05,1.67,26.25,1.69,0.44,8.88
11073,1013.05,1.67,26.25,1.16,0.59,8.41
11131,1013.05,1.67,26.25,1.12,0.34,8.53
11189,1013.05,1.67,26.25,1.00,0.72,8.44
11247,1012.85,3.33,26.25,1.50,-0.28,8.91
11304,1012.88,3.08,26.27,1.22,0.69,8.34
11365,1013.08,1.42,26.27,1.41,-0.12,8.53
11423,1013.08,1.42,26.27,1.59,0.22,8.53
11482,1013.08,1.42,26.27,1.66,0.09,8.44
11539,1012.88,3.08,26.27,1.19,0.03,8.31
11597,1013.08,1.42,26.27,1.41,0.00,8.34
11655,1012.92,2.75,26.29,0.91,0.16,8.16
11713,1013.12,1.08,26.29,1.03,0.25,8.28
11770,1013.12,1.08,26.29,0.97,0.53,8.16
11828,1013.12,1.08,26.29,1.09,0.25,8.19
11886,1013.15,0.83,26.30,1.06,0.25,8.31
11943,1012.95,2.50,26.30,1.28,0.31,8.47
12002,1013.15,0.83,26.30,1.16,0.09,8.41
12070,1012.99,2.17,26.32,1.22,0.28,8.28
12128,1012.99,2.17,26.32,1.09,0.44,8.28
12186,1013.02,1.91,26.33,1.28,0.56,8.28
12243,1013.02,1.91,26.33,1.09,1.03,8.38
12302,1013.02,1.91,26.33,0.84,1.03,8.38
12359,1013.02,1.91,26.33,0.91,0.69,8.69
12418,1013.06,1.58,26.35,0.84,0.78,9.09
12475,1013.06,1.58,26.35,1.19,1.31,9.50
12533,1013.06,1.58,26.35,0.78,1.12,10.00
12591,1013.09,1.33,26.37,1.03,0.53,9.31
12649,1013.09,1.33,26.37,0.88,0.63,8.84
12706,1013.09,1.33,26.37,1.72,0.69,9.25
12765,1013.09,1.33,26.37,1.72,0.56,9.28
12825,1012.89,3.00,26.37,0.47,0.78,8.91
12882,1012.89,3.00,26.37,1.06,1.28,9.09
12941,1012.89,3.00,26.37,1.22,1.56,9.06
12998,1012.89,3.00,26.37,0.69,1.44,9.00
13057,1012.89,3.00,26.37,1.75,1.34,8.78
13114,1012.89,3.00,26.37,2.16,1.16,9.00
13172,1012.89,3.00,26.37,1.22,2.53,8.03
13230,1012.89,3.00,26.37,2.41,0.66,8.03
13288,1012.86,3.25,26.35,1.12,1.88,6.56
13345,1012.86,3.25,26.35,1.88,1.41,6.53
13404,1012.66,4.91,26.35,0.63,2.00,7.00
13461,1012.86,3.25,26.35,2.44,1.19,7.78
13521,1012.66,4.91,26.35,-1.00,-0.91,9.19
13580,1012.82,3.58,26.33,6.06,-0.31,8.16
13637,1012.82,3.58,26.33,3.69,-0.50,10.56
13696,1012.82,3.58,26.33,2.16,2.19,8.13
13754,1012.82,3.58,26.33,1.41,1.34,7.63
13811,1012.82,3.58,26.33,0.22,0.06,6.91
13870,1012.82,3.58,26.33,2.38,1.25,7.91
13927,1012.82,3.58,26.33,2.75,0.06,9.00
13985,1012.82,3.58,26.33,2.66,0.97,9.44
14043,1012.82,3.58,26.33,2.19,1.88,8.63
14101,1012.99,2.17,26.32,3.13,-0.03,7.75
14158,1012.79,3.83,26.32,1.50,0.28,6.69
14217,1012.79,3.83,26.32,0.69,-0.47,7.63
14277,1012.79,3.83,26.32,2.44,1.31,8.22
14334,1012.79,3.83,26.32,1.66,0.66,7.59
14393,1012.79,3.83,26.32,3.22,-0.75,8.19
14450,1012.79,3.83,26.32,0.41,-1.63,9.50
14509,1012.99,2.17,26.32,4.09,-0.72,8.91
14567,1012.79,3.83,26.32,1.37,-2.28,7.81
14624,1012.99,2.17,26.32,1.88,-0.12,8.00
14683,1012.99,2.17,26.32,2.56,-1.72,7.34
14740,1012.59,5.50,26.32,-2.03,-0.66,7.06
14798,1012.75,4.16,26.30,-2.75,-0.66,8.41
14856,1012.75,4.16,26.30,0.28,-2.78,8.09
14914,1012.75,4.16,26.30,-1.19,-2.78,7.25
14974,1012.75,4.16,26.30,-0.59,-1.06,8.69
15033,1012.75,4.16,26.30,1.59,-3.16,7.25
15090,1012.56,5.74,26.30,-0.75,-2.09,7.34
15149,1012.75,4.16,26.30,-1.09,-4.13,5.84
15206,1012.75,4.16,26.30,-3.66,-0.69,8.59
15264,1012.75,4.16,26.30,-0.88,-0.56,8.31
15323,1012.75,4.16,26.30,-1.41,-1.37,7.75
15380,1012.75,4.16,26.30,-1.09,0.44,7.97
15438,1012.75,4.16,26.30,0.16,-1.69,7.59
15496,1012.75,4.16,26.30,-2.72,-0.12,5.91
15554,1012.75,4.16,26.30,0.50,0.81,6.28
15611,1012.75,4.16,26.30,-4.13,-0.31,8.00
15673,1012.75,4.16,26.30,1.16,0.69,8.16
15730,1012.75,4.16,26.30,-2.88,-0.56,8.50
15789,1012.75,4.16,26.30,-1.56,-1.59,5.97
15846,1012.75,4.16,26.30,-3.09,0.66,8.94
15904,1012.75,4.16,26.30,-1.22,-2.59,6.59
15962,1012.95,2.50,26.30,-1.63,-1.34,6.88
16020,1012.79,3.83,26.32,-1.28,-1.00,7.53
16077,1012.59,5.50,26.32,-2.16,-1.00,8.66
16136,1012.79,3.83,26.32,-1.22,-1.59,8.91
16194,1012.79,3.83,26.32,-0.16,-1.88,7.72
16251,1012.59,5.50,26.32,-1.12,-2.88,7.44
16310,1012.82,3.58,26.33,-1.59,-1.84,8.91
16370,1012.82,3.58,26.33,-1.25,-1.59,7.28
16429,1012.82,3.58,26.33,-1.56,-1.69,6.59
16486,1012.82,3.58,26.33,-0.97,-1.72,6.53
16544,1012.82,3.58,26.33,-2.50,-3.38,7.41
16602,1012.66,4.91,26.35,0.16,-2.38,7.63
16660,1012.66,4.91,26.35,-2.69,-1.94,9.63
16717,1012.86,3.25,26.35,0.06,-0.19,8.16
16776,1012.66,4.91,26.35,-2.19,-2.16,7.84
16834,1012.66,4.91,26.35,0.22,-1.97,5.38
16891,1012.70,4.58,26.37,-3.47,-1.12,8.66
16950,1012.89,3.00,26.37,-3.63,-4.53,8.88
17007,1012.70,4.58,26.37,-0.19,-2.44,8.09
17069,1012.70,4.58,26.37,-3.22,-2.22,7.28
17126,1012.70,4.58,26.37,-1.16,-3.97,8.03
17184,1012.93,2.66,26.38,-1.81,-2.69,8.13
17242,1012.70,4.58,26.37,-1.81,-3.09,6.63
17300,1012.73,4.33,26.38,-2.41,-1.06,7.34
17357,1012.73,4.33,26.38,-3.31,-2.31,6.81
17416,1012.93,2.66,26.38,-0.34,-3.69,6.97
17474,1012.73,4.33,26.38,-4.75,-3.22,6.00
17531,1012.77,4.00,26.40,-0.94,-2.47,6.63
17590,1012.77,4.00,26.40,-3.06,-2.50,7.59
17647,1012.77,4.00,26.40,0.69,-2.09,8.34
17705,1012.77,4.00,26.40,-1.66,-2.91,6.50
17774,1012.77,4.00,26.40,-1.00,-2.41,6.69
17831,1012.96,2.41,26.40,-1.66,-2.13,8.63
17890,1012.77,4.00,26.40,-1.37,-4.81,6.50
17947,1012.77,4.00,26.40,-0.66,-4.06,8.81
18006,1012.96,2.41,26.40,-0.97,-4.34,6.19
18064,1012.57,5.66,26.40,-0.75,-4.41,6.25
18121,1012.77,4.00,26.40,-1.41,-3.47,6.88
18180,1012.80,3.75,26.41,-0.97,-3.72,6.78
18237,1012.80,3.75,26.41,-1.84,-2.59,7.97
18295,1012.60,5.41,26.41,-0.94,-4.91,5.34
18353,1012.80,3.75,26.41,-0.81,-2.72,8.63
18411,1012.80,3.75,26.41,0.16,-2.75,7.75
18471,1012.80,3.75,26.41,-1.03,-1.56,6.97
18530,1013.00,2.08,26.41,-1.16,-2.50,7.03
18587,1012.80,3.75,26.41,-0.78,-1.28,8.03
18646,1012.80,3.75,26.41,-1.50,-2.22,7.50
18704,1012.84,3.41,26.43,-0.12,-2.00,8.91
18761,1013.03,1.83,26.43,-0.16,-1.34,8.91
18820,1013.00,2.08,26.41,-2.50,-1.44,8.81
18877,1012.80,3.75,26.41,0.41,-1.06,7.78
18935,1012.64,5.08,26.43,-0.09,-2.53,8.00
18993,1012.84,3.41,26.43,-0.78,-0.50,8.31
19051,1012.80,3.75,26.41,0.00,-0.47,8.28
19108,1013.00,2.08,26.41,-1.25,0.47,8.34
19170,1012.80,3.75,26.41,-0.16,-0.63,7.63
19227,1012.80,3.75,26.41,1.50,-0.44,8.25
19286,1012.84,3.41,26.43,-1.63,1.50,9.19
19343,1012.80,3.75,26.41,1.31,-0.50,8.38
19401,1012.80,3.75,26.41,0.47,0.88,9.31
19459,1012.80,3.75,26.41,1.94,0.56,8.19
19517,1012.80,3.75,26.41,1.28,1.19,9.31
19574,1012.60,5.41,26.41,1.12,1.31,9.56
19633,1012.60,5.41,26.41,1.59,0.47,8.41
19690,1012.80,3.75,26.41,0.12,1.72,9.06
19748,1012.80,3.75,26.41,1.28,0.63,8.47
19806,1012.80,3.75,26.41,1.09,0.84,8.41
19866,1012.60,5.41,26.41,1.25,0.56,8.22
19924,1012.80,3.75,26.41,0.81,0.94,8.50
19982,1012.64,5.08,26.43,0.94,1.00,8.13
20040,1012.80,3.75,26.41,1.41,0.69,8.25
20098,1012.60,5.41,26.41,1.44,0.75,8.28
20156,1012.60,5.41,26.41,1.25,0.72,7.72
20213,1012.80,3.75,26.41,1.41,0.78,7.88
20272,1012.64,5.08,26.43,1.28,0.91,8.34
20329,1012.80,3.75,26.41,1.81,0.59,8.09
20387,1012.60,5.41,26.41,1.22,0.63,8.25
20445,1012.80,3.75,26.41,1.91,0.03,7.94
20503,1012.80,3.75,26.41,0.91,0.19,8.09
20560,1012.80,3.75,26.41,1.06,0.41,8.31
20622,1012.80,3.75,26.41,1.66,0.03,8.16
20679,1012.80,3.75,26.41,1.03,0.28,8.25
20738,1012.80,3.75,26.41,1.69,-0.03,8.06
20795,1012.80,3.75,26.41,1.69,0.03,8.25
20853,1012.80,3.75,26.41,1.34,-0.25,8.06
20911,1012.80,3.75,26.41,1.66,-0.37,8.13
20969,1012.84,3.41,26.43,1.25,-0.59,8.38
21026,1012.80,3.75,26.41,2.16,-1.00,7.91
21085,1012.84,3.41,26.43,2.00,-0.88,8.09
21142,1012.80,3.75,26.41,1.91,-0.94,8.19
21200,1012.84,3.41,26.43,1.72,-1.00,8.09
21258,1012.60,5.41,26.41,2.06,-1.66,7.69
21319,1012.84,3.41,26.43,2.00,-1.63,7.97
21377,1012.84,3.41,26.43,2.31,-1.34,8.13
21435,1012.84,3.41,26.43,2.22,-1.75,7.94
21492,1012.80,3.75,26.41,2.19,-1.63,7.94
21551,1012.84,3.41,26.43,1.72,-1.81,7.78
21608,1012.84,3.41,26.43,2.31,-1.91,7.72
21666,1012.84,3.41,26.43,1.72,-2.34,7.78
21724,1012.84,3.41,26.43,2.66,-2.59,7.59
21782,1012.84,3.41,26.43,2.03,-2.22,7.53
21840,1013.03,1.83,26.43,3.44,-5.09,6.50
21898,1012.84,3.41,26.43,1.84,-2.09,8.03
21956,1012.84,3.41,26.43,2.78,-2.88,7.56
22017,1012.84,3.41,26.43,2.22,-2.41,7.91
22074,1013.03,1.83,26.43,3.22,-3.94,6.88
22132,1013.03,1.83,26.43,3.16,-4.38,6.78
22190,1012.84,3.41,26.43,3.59,-5.13,6.19
22248,1012.84,3.41,26.43,3.44,-5.00,5.84
22306,1012.84,3.41,26.43,3.56,-4.94,5.84
22364,1012.87,3.16,26.45,3.38,-5.06,5.72
22422,1012.84,3.41,26.43,3.25,-5.22,5.06
22479,1012.87,3.16,26.45,4.09,-6.16,4.81
22538,1012.87,3.16,26.45,3.53,-6.00,4.41
22595,1012.67,4.83,26.45,2.97,-6.34,4.13
22653,1012.87,3.16,26.45,3.66,-6.06,3.41
22714,1012.87,3.16,26.45,4.00,-6.81,2.88
22772,1012.87,3.16,26.45,4.56,-7.94,1.91
22830,1013.07,1.50,26.45,3.13,-5.81,2.31
22888,1012.87,3.16,26.45,4.50,-7.09,1.25
22945,1012.84,3.41,26.43,4.47,-6.97,1.16
23004,1012.87,3.16,26.45,4.25,-6.66,0.53
23061,1012.87,3.16,26.45,4.63,-7.25,0.06
23119,1012.87,3.16,26.45,4.69,-6.97,-0.75
23177,1012.67,4.83,26.45,4.41,-7.00,-1.22
23235,1012.87,3.16,26.45,4.31,-6.59,-1.44
23292,1013.07,1.50,26.45,4.16,-6.38,-2.22
23351,1012.87,3.16,26.45,4.72,-6.38,-2.75
23419,1012.87,3.16,26.45,4.16,-5.47,-3.16
23477,1012.87,3.16,26.45,4.47,-6.13,-3.81
23535,1013.07,1.50,26.45,2.94,-4.97,-4.19
23593,1013.07,1.50,26.45,4.47,-5.88,-5.41
23651,1012.87,3.16,26.45,2.81,-4.44,-5.16
23709,1012.91,2.83,26.46,3.91,-4.56,-6.16
23767,1012.87,3.16,26.45,2.69,-3.75,-5.72
23825,1012.91,2.83,26.46,3.53,-3.38,-6.41
23882,1012.91,2.83,26.46,2.13,-2.44,-6.47
23941,1013.10,1.25,26.46,2.66,-2.41,-6.59
23999,1012.91,2.83,26.46,2.69,-1.97,-7.13
24056,1013.07,1.50,26.45,1.94,0.00,-7.09
24117,1012.87,3.16,26.45,1.94,-1.72,-7.94
24175,1012.71,4.49,26.46,1.75,0.69,-7.19
24232,1012.71,4.49,26.46,1.69,-0.16,-8.09
24291,1012.91,2.83,26.46,1.56,0.75,-7.25
24349,1013.07,1.50,26.45,2.22,1.09,-7.28
24407,1012.91,2.83,26.46,1.16,0.72,-7.50
24465,1013.07,1.50,26.45,1.34,0.66,-7.41
24522,1012.87,3.16,26.45,2.19,0.72,-7.47
24581,1012.87,3.16,26.45,0.84,0.94,-7.00
24638,1012.71,4.49,26.46,2.06,0.44,-7.31
24696,1012.87,3.16,26.45,1.78,1.12,-6.94
24754,1012.87,3.16,26.45,1.50,1.19,-7.19
24814,1012.67,4.83,26.45,2.03,-0.19,-7.47
24872,1012.87,3.16,26.45,1.69,1.75,-7.16
24931,1012.87,3.16,26.45,1.97,-0.03,-7.50
24988,1012.91,2.83,26.46,2.47,0.69,-6.91
25047,1013.07,1.50,26.45,1.94,0.50,-7.41
25104,1012.91,2.83,26.46,1.37,0.50,-7.00
25162,1012.87,3.16,26.45,2.34,0.56,-7.34
25220,1012.91,2.83,26.46,1.81,0.03,-7.25
25278,1012.91,2.83,26.46,2.03,0.03,-7.22
25335,1012.71,4.49,26.46,3.25,0.25,-7.16
25394,1012.91,2.83,26.46,1.56,0.03,-7.31
25451,1012.71,4.49,26.46,2.38,0.16,-7.25
25512,1012.91,2.83,26.46,1.97,0.00,-7.06
25570,1013.10,1.25,26.46,1.56,-0.06,-7.28
25628,1012.91,2.83,26.46,2.66,-0.06,-7.09
25686,1012.91,2.83,26.46,2.00,-0.28,-7.22
25744,1012.91,2.83,26.46,1.88,-0.28,-7.38
25801,1012.91,2.83,26.46,2.03,-0.47,-7.28
25860,1013.10,1.25,26.46,2.13,0.00,-7.22
25918,1012.91,2.83,26.46,2.22,-0.53,-7.22
25975,1012.91,2.83,26.46,2.00,-0.16,-7.03
26034,1012.91,2.83,26.46,2.31,-0.91,-7.19
26091,1012.91,2.83,26.46,2.03,-1.09,-7.38
26149,1012.91,2.83,26.46,1.69,-1.00,-7.34
26210,1012.91,2.83,26.46,2.94,-1.59,-7.03
26268,1012.91,2.83,26.46,1.94,-1.50,-6.88
26326,1012.91,2.83,26.46,2.59,-2.47,-6.94
26384,1012.91,2.83,26.46,2.69,-1.97,-7.03
26441,1012.91,2.83,26.46,2.22,-2.75,-6.78
26500,1012.91,2.83,26.46,3.59,-2.88,-6.38
26558,1012.71,4.49,26.46,3.34,-3.56,-6.34
26615,1012.71,4.49,26.46,3.09,-3.50,-5.66
26674,1012.71,4.49,26.46,3.69,-3.78,-5.97
26731,1012.91,2.83,26.46,3.59,-4.16,-5.38
26789,1012.91,2.83,26.46,4.03,-4.53,-5.47
26847,1012.94,2.58,26.48,3.94,-5.09,-5.06
26908,1012.91,2.83,26.46,4.06,-5.31,-4.56
26966,1012.74,4.25,26.48,4.00,-5.44,-4.31
27024,1012.74,4.25,26.48,4.25,-5.44,-3.47
27081,1012.74,4.25,26.48,4.28,-5.91,-3.38
27140,1012.94,2.58,26.48,4.22,-6.06,-2.81
27198,1012.94,2.58,26.48,4.56,-6.34,-2.69
27255,1012.94,2.58,26.48,4.56,-6.44,-2.22
27314,1012.74,4.25,26.48,3.81,-5.84,-1.75
27371,1012.74,4.25,26.48,4.28,-6.47,-1.78
27429,1012.94,2.58,26.48,4.78,-6.53,-1.72
27487,1012.94,2.58,26.48,4.31,-6.72,-1.78
27545,1012.98,2.25,26.49,4.94,-6.63,-1.81
27606,1012.74,4.25,26.48,4.06,-6.63,-1.88
27664,1012.74,4.25,26.48,4.66,-7.41,-1.69
27721,1012.74,4.25,26.48,3.94,-7.34,-1.44
27780,1012.98,2.25,26.49,3.78,-7.63,-1.34
27838,1012.98,2.25,26.49,3.97,-6.88,-0.97
27895,1012.98,2.25,26.49,2.66,-7.34,-0.81
27954,1012.98,2.25,26.49,2.88,-8.53,-1.03
28011,1012.98,2.25,26.49,3.97,-7.47,-0.06
28069,1012.78,3.91,26.49,2.16,-6.06,1.44
28128,1013.17,0.67,26.49,2.63,-7.41,-0.44
28185,1012.98,2.25,26.49,2.78,-8.38,-0.19
28243,1012.78,3.91,26.49,2.63,-8.03,-0.22
28304,1012.78,3.91,26.49,2.31,-8.94,-0.94
28362,1012.94,2.58,26.48,1.78,-7.56,0.09
28420,1012.98,2.25,26.49,2.41,-7.63,0.00
28478,1012.98,2.25,26.49,2.00,-7.97,0.00
28535,1012.98,2.25,26.49,2.31,-7.66,-0.16
28594,1012.98,2.25,26.49,2.22,-8.19,-0.22
28651,1012.98,2.25,26.49,2.19,-8.00,-0.12
28709,1012.98,2.25,26.49,2.13,-8.22,-0.37
28767,1012.98,2.25,26.49,1.97,-7.97,-0.03
28825,1012.98,2.25,26.49,1.84,-8.00,-0.28
28883,1012.98,2.25,26.49,2.03,-8.22,-0.25
28941,1012.98,2.25,26.49,1.94,-8.03,-0.31
29009,1012.78,3.91,26.49,1.84,-7.94,-0.16
29067,1012.98,2.25,26.49,1.84,-7.94,-0.25
29125,1012.78,3.91,26.49,2.00,-8.38,-0.37
29184,1012.98,2.25,26.49,2.09,-7.69,-0.19
29241,1012.78,3.91,26.49,2.34,-8.06,-0.22
29299,1012.98,2.25,26.49,2.06,-7.91,-0.16
29357,1012.78,3.91,26.49,2.72,-8.09,-0.50
29415,1012.98,2.25,26.49,1.56,-8.09,-0.25
29473,1012.98,2.25,26.49,2.47,-7.94,-0.44
29531,1012.78,3.91,26.49,1.88,-8.19,-0.41
29589,1012.98,2.25,26.49,2.19,-7.78,-0.28
29646,1012.98,2.25,26.49,2.06,-8.03,-0.28
29708,1012.98,2.25,26.49,2.22,-8.03,-0.34
29765,1012.78,3.91,26.49,1.91,-7.97,-0.37
29824,1012.78,3.91,26.49,2.38,-8.22,-0.44
29881,1012.78,3.91,26.49,1.84,-7.88,-0.25
29939,1012.98,2.25,26.49,1.97,-8.00,-0.37
29997,1012.98,2.25,26.49,2.16,-8.06,-0.47
30055,1012.78,3.91,26.49,2.16,-8.00,-0.41
30113,1012.98,2.25,26.49,2.16,-8.00,-0.56
30171,1012.78,3.91,26.49,1.84,-7.81,-0.50
30229,1012.78,3.91,26.49,2.28,-8.13,-0.63
30286,1012.98,2.25,26.49,2.06,-7.81,-0.47
30345,1012.78,3.91,26.49,2.09,-7.81,-0.47
30405,1013.01,2.00,26.51,2.56,-8.13,-0.63
30464,1012.98,2.25,26.49,2.25,-7.94,-0.37
30521,1012.78,3.91,26.49,2.38,-7.94,-0.41
30579,1012.98,2.25,26.49,2.06,-7.94,-0.56
30638,1012.98,2.25,26.49,1.91,-8.16,-0.47
30695,1012.78,3.91,26.49,2.72,-7.94,-0.59
30753,1012.98,2.25,26.49,2.13,-8.00,-0.34
30811,1012.78,3.91,26.49,2.75,-8.00,-0.50
30869,1012.78,3.91,26.49,2.13,-8.09,-0.37
30926,1012.98,2.25,26.49,2.13,-7.81,-0.41
30985,1012.78,3.91,26.49,2.44,-7.84,-0.16
31043,1012.98,2.25,26.49,2.13,-7.88,-0.06
31104,1012.78,3.91,26.49,2.28,-7.94,-0.22
31161,1012.78,3.91,26.49,2.56,-8.03,-0.25
31219,1012.98,2.25,26.49,2.25,-7.91,-0.22
31278,1012.78,3.91,26.49,2.53,-7.84,-0.19
31335,1012.98,2.25,26.49,2.38,-7.97,-0.19
31393,1012.78,3.91,26.49,2.22,-7.97,-0.31
31451,1012.98,2.25,26.49,2.47,-7.97,0.03
31509,1012.78,3.91,26.49,2.19,-7.94,0.00
31566,1012.98,2.25,26.49,2.34,-7.97,-0.16
31625,1013.01,2.00,26.51,2.06,-8.09,-0.16
31682,1012.81,3.66,26.51,2.38,-7.81,0.00
31740,1013.01,2.00,26.51,2.41,-8.13,-0.16
31801,1012.78,3.91,26.49,2.41,-8.09,-0.12
31859,1013.01,2.00,26.51,2.50,-8.06,-0.31
31917,1012.78,3.91,26.49,2.03,-7.91,0.19
31975,1012.81,3.66,26.51,2.91,-7.53,0.50
32032,1012.81,3.66,26.51,2.09,-7.75,0.22
32091,1012.81,3.66,26.51,2.66,-8.50,0.25
32148,1012.78,3.91,26.49,2.34,-7.56,0.84
32206,1012.81,3.66,26.51,2.22,-8.06,0.63
32264,1012.81,3.66,26.51,2.41,-7.97,0.81
32322,1013.01,2.00,26.51,2.75,-8.03,0.81
32380,1013.01,2.00,26.51,2.03,-7.75,0.97
32438,1012.81,3.66,26.51,2.72,-8.06,0.88
32498,1012.81,3.66,26.51,2.25,-7.63,1.37
32557,1012.81,3.66,26.51,2.59,-8.03,1.19
32614,1012.81,3.66,26.51,2.16,-7.47,1.63
32672,1012.81,3.66,26.51,2.72,-7.94,1.50
32731,1012.81,3.66,26.51,2.88,-8.06,2.03
32788,1012.81,3.66,26.51,2.88,-7.28,2.50
32846,1012.81,3.66,26.51,3.06,-8.06,2.75
32904,1012.81,3.66,26.51,2.28,-7.06,3.06
32962,1012.81,3.66,26.51,4.03,-8.44,3.13
33019,1012.85,3.33,26.53,3.25,-6.00,4.59
33078,1012.81,3.66,26.51,2.69,-5.72,4.84
33135,1013.01,2.00,26.51,2.72,-5.81,5.69
33196,1012.85,3.33,26.53,1.97,-5.16,6.00
33254,1012.81,3.66,26.51,2.38,-3.63,7.22
33312,1012.81,3.66,26.51,2.69,-3.91,6.88
33370,1012.85,3.33,26.53,2.25,-3.47,6.84
33428,1013.05,1.67,26.53,2.44,-2.19,7.53
33485,1012.85,3.33,26.53,1.16,0.03,7.63
33544,1012.85,3.33,26.53,-0.75,2.16,8.41
33601,1012.65,4.99,26.53,-0.12,1.44,8.88
33659,1012.69,4.66,26.54,1.69,0.09,8.72
33717,1012.65,4.99,26.53,0.56,0.94,8.84
33775,1012.88,3.08,26.54,0.94,0.63,8.09
33832,1012.49,6.33,26.54,0.56,0.72,8.06
33893,1012.69,4.66,26.54,1.56,0.25,7.63
33951,1012.88,3.08,26.54,0.84,0.78,8.53
34009,1012.69,4.66,26.54,1.03,0.03,8.09
34067,1012.72,4.41,26.56,0.63,1.34,8.50
34124,1012.72,4.41,26.56,1.19,0.19,8.31
34183,1012.88,3.08,26.54,0.88,0.91,8.53
34240,1012.72,4.41,26.56,0.66,0.72,8.13
34298,1012.69,4.66,26.54,1.69,0.47,6.47
34356,1012.72,4.41,26.56,0.81,0.63,7.84
34414,1012.72,4.41,26.56,0.97,0.66,8.47
34471,1012.72,4.41,26.56,0.50,1.34,8.25
34530,1012.56,5.74,26.57,0.50,0.63,8.06
34587,1012.72,4.41,26.56,0.94,1.16,8.53
34656,1012.92,2.75,26.56,0.25,0.47,8.06
34714,1012.72,4.41,26.56,0.97,0.69,8.16
34771,1012.72,4.41,26.56,0.56,1.03,8.59
34830,1012.72,4.41,26.56,1.00,1.00,8.03
34887,1012.76,4.08,26.57,0.69,0.59,8.13
34946,1012.76,4.08,26.57,0.25,0.91,8.19
35003,1012.72,4.41,26.56,0.37,0.47,8.00
35061,1012.56,5.74,26.57,0.50,0.69,8.31
35119,1012.76,4.08,26.57,0.59,0.88,8.44
35177,1012.56,5.74,26.57,0.72,0.78,8.44
35234,1012.76,4.08,26.57,0.53,0.75,8.16
35293,1012.76,4.08,26.57,0.81,0.75,8.34
35353,1012.76,4.08,26.57,0.66,0.94,8.22
35410,1012.76,4.08,26.57,0.47,0.84,8.16
35469,1012.76,4.08,26.57,0.81,0.84,8.19
35526,1012.52,6.08,26.56,0.28,0.94,8.34
35585,1012.95,2.50,26.57,0.66,0.63,8.22
35642,1012.76,4.08,26.57,0.56,0.78,8.22
35700,1012.76,4.08,26.57,0.75,0.12,8.34
35758,1012.76,4.08,26.57,0.59,0.84,8.28
